NUMERO;DURATA;CLASSE;AULA;GIORNO;O.INIZIO
1;1h00;1B;AULA 03;lunedì;08h00
2;1h00;1C;AULA 04;lunedì;08h00
3;1h00;1D;AULA 10A;lunedì;08h00
4;1h00;1E;AULA 11;lunedì;08h00
5;1h00;1A;AULA 02;lunedì;08h00
6;1h00;1AS;AULA 30;lunedì;08h00
7;1h00;1LS;AULA 31;lunedì;08h00
8;1h00;2AS;AULA 24;lunedì;08h00
9;1h00;2BS;LAB. MECCANICA;lunedì;08h00
10;1h00;2BS;LAB. MECCANICA;lunedì;08h55
11;1h00;2A;AULA 05;lunedì;08h00
12;1h00;2A;AULA 05;lunedì;08h55
13;1h00;2B;AULA 06;lunedì;08h00
14;1h00;2C;AULA 07;lunedì;08h00
15;1h00;2E;AULA 09;lunedì;08h00
16;1h00;2F;AULA 09A;lunedì;08h00
17;1h00;3AU;AULA 21;lunedì;08h00
18;1h00;3BM;LAB. SISTEMI-AUTOMAZ;lunedì;08h00
19;1h00;3BS;AULA 25;lunedì;08h00
20;1h00;3BS;AULA 25;lunedì;08h55
21;1h00;4IA;AULA 18;lunedì;08h00
22;1h00;4IB;AULA DISEGNO 1;lunedì;08h00
23;1h00;4AM;AULA 20;lunedì;08h00
24;1h00;4BM;AULA 13;lunedì;08h00
25;1h00;4AS;AULA 19;lunedì;08h00
26;1h00;4BS;LAB. FISICA;lunedì;08h00
27;1h00;4CS;AULA 28;lunedì;08h00
28;1h00;4CS;AULA 28;lunedì;08h55
29;1h00;4LS;AULA 22;lunedì;08h00
30;1h00;5IA;BIBLIOTECA;lunedì;08h00
31;1h00;5IB;AULA 01;lunedì;08h00
32;1h00;5IB;AULA 01;lunedì;08h55
33;1h00;5AS;AULA 17;lunedì;08h00
34;1h00;5BS;AULA 27;lunedì;08h00
35;1h00;5CS;AULA DISEGNO 2;lunedì;08h00
36;1h00;3AM;AULA 26;lunedì;08h00
37;1h00;5AM;LAB. TECNOLOGIA;lunedì;08h00
38;1h00;5AM;LAB. TECNOLOGIA;lunedì;08h55
39;1h00;5BM;LAB. CAD1;lunedì;08h00
40;1h00;2D;LAB. CAD2;lunedì;08h00
41;1h00;5AU;AULA 16;lunedì;08h00
42;1h00;5AU;AULA 16;lunedì;08h55
43;1h00;4AU;LAB. ROBOTICA;lunedì;08h00
44;1h00;4AU;LAB. ROBOTICA;lunedì;08h55
45;1h00;3LS;AULA 23;lunedì;08h00
46;1h00;4AT;AULA 29;lunedì;08h00
47;1h00;4IC;AULA 14;lunedì;08h00
48;1h00;3IB;LAB. ELETTRONICA2;lunedì;08h00
49;1h00;3IA;LAB. INF2;lunedì;08h00
50;1h00;3AT;LAB. AUTOMAZ-IMPIANTI;lunedì;08h00
51;1h00;3AT;LAB. AUTOMAZ-IMPIANTI;lunedì;08h55
52;1h00;2LS;PAL COM1;lunedì;08h00
53;1h00;2LS;PAL COM1;lunedì;08h55
54;1h00;3AS;PAL.COM2;lunedì;08h00
55;1h00;3AS;PAL.COM2;lunedì;08h55
56;1h00;5LS;PALESTRA1;lunedì;08h00
57;1h00;5LS;PALESTRA1;lunedì;08h55
58;1h00;5DS;PALESTRA2;lunedì;08h00
59;1h00;5DS;PALESTRA2;lunedì;08h55
60;1h00;1A;AULA 02;lunedì;08h55
61;1h00;1E;AULA 11;lunedì;08h55
62;1h00;1B;AULA 03;lunedì;08h55
63;1h00;1D;AULA 10A;lunedì;08h55
64;1h00;1AS;AULA 30;lunedì;08h55
65;1h00;1LS;AULA 31;lunedì;08h55
66;1h00;2AS;AULA 24;lunedì;08h55
67;1h00;2C;AULA 07;lunedì;08h55
68;1h00;2C;AULA 07;lunedì;10h00
69;1h00;2D;AULA 08;lunedì;08h55
70;1h00;2E;AULA 09;lunedì;08h55
71;1h00;2F;AULA 09A;lunedì;08h55
72;1h00;3AM;AULA 26;lunedì;08h55
73;1h00;3BM;LAB. SISTEMI-AUTOMAZ;lunedì;08h55
74;1h00;3LS;AULA 23;lunedì;08h55
75;1h00;4IA;AULA 18;lunedì;08h55
76;1h00;4IB;AULA DISEGNO 1;lunedì;08h55
77;1h00;4AM;AULA 20;lunedì;08h55
78;1h00;4BM;AULA 13;lunedì;08h55
79;1h00;4AS;AULA 19;lunedì;08h55
80;1h00;4BS;AULA 17;lunedì;08h55
81;1h00;4BS;AULA 17;lunedì;10h00
82;1h00;4LS;AULA 22;lunedì;08h55
83;1h00;5IA;BIBLIOTECA;lunedì;08h55
84;1h00;5BS;AULA 27;lunedì;08h55
85;1h00;5CS;AULA DISEGNO 2;lunedì;08h55
86;1h00;3AU;AULA 21;lunedì;08h55
87;1h00;4AT;AULA 29;lunedì;08h55
88;1h00;4IC;AULA 14;lunedì;08h55
89;1h00;1C;LAB. CAD2;lunedì;08h55
90;1h00;5AS;LAB. BIOLOGIA ;lunedì;08h55
91;1h00;2B;AULA 06;lunedì;08h55
92;1h00;3IA;LAB. INF2;lunedì;08h55
93;1h00;3IB;LAB. ELETTRONICA2;lunedì;08h55
94;1h00;1E;AULA 11;lunedì;10h00
95;1h00;1D;AULA 10A;lunedì;10h00
96;1h00;1B;AULA 03;lunedì;10h00
97;1h00;1C;AULA 04;lunedì;10h00
98;1h00;1A;AULA 02;lunedì;10h00
99;1h00;1LS;AULA 31;lunedì;10h00
100;1h00;2AS;AULA 24;lunedì;10h00
101;1h00;2BS;LAB. MECCANICA;lunedì;10h00
102;1h00;2B;AULA 06;lunedì;10h00
103;1h00;2D;AULA 08;lunedì;10h00
104;1h00;2F;AULA 09A;lunedì;10h00
105;1h00;2F;AULA 09A;lunedì;10h55
106;1h00;2LS;BIBLIOTECA;lunedì;10h00
107;1h00;3IA;AULA 01;lunedì;10h00
108;1h00;3AU;AULA 21;lunedì;10h00
109;1h00;3AS;AULA 13;lunedì;10h00
110;1h00;3AS;AULA 13;lunedì;10h55
111;1h00;3BS;AULA 25;lunedì;10h00
112;1h00;3LS;AULA 23;lunedì;10h00
113;1h00;4IA;AULA 18;lunedì;10h00
114;1h00;4IB;AULA DISEGNO 1;lunedì;10h00
115;1h00;4AM;AULA 14;lunedì;10h00
116;1h00;4AM;AULA 14;lunedì;10h55
117;1h00;4BM;AULA 20;lunedì;10h00
118;1h00;4AS;AULA 19;lunedì;10h00
119;1h00;4LS;AULA 22;lunedì;10h00
120;1h00;5BM;AULA 05;lunedì;10h00
121;1h00;5AS;LAB. BIOLOGIA ;lunedì;10h00
122;1h00;5BS;AULA 27;lunedì;10h00
123;1h00;5CS;AULA DISEGNO 2;lunedì;10h00
124;1h00;5LS;AULA 26;lunedì;10h00
125;1h00;3AM;LAB. CAD2;lunedì;10h00
126;1h00;3AM;LAB. CAD2;lunedì;10h55
127;1h00;5AM;LAB. SISTEMI-AUTOMAZ;lunedì;10h00
128;1h00;5AM;LAB. SISTEMI-AUTOMAZ;lunedì;10h55
129;1h00;2E;LAB. CAD1;lunedì;10h00
130;1h00;4CS;LAB. FISICA;lunedì;10h00
131;1h00;5DS;LAB. CHIMICA ;lunedì;10h00
132;1h00;3IB;AULA 29;lunedì;10h00
133;1h00;3AT;LAB. ROBOTICA;lunedì;10h00
134;1h00;5IA;LAB. INF2;lunedì;10h00
135;1h00;5IA;LAB. INF2;lunedì;10h55
136;1h00;4AU;LAB. ELETTR-MISURE;lunedì;10h00
137;1h00;5AU;LAB. AUTOMAZ-IMPIANTI;lunedì;10h00
138;1h00;5AU;LAB. AUTOMAZ-IMPIANTI;lunedì;10h55
139;1h00;3BM;LAB. TECNOLOGIA;lunedì;10h00
140;1h00;3BM;LAB. TECNOLOGIA;lunedì;10h55
141;1h00;5IB;PAL COM1;lunedì;10h00
142;1h00;5IB;PAL COM1;lunedì;10h55
143;1h00;4AT;PAL.COM2;lunedì;10h00
144;1h00;4AT;PAL.COM2;lunedì;10h55
145;1h00;4IC;PALESTRA1;lunedì;10h00
146;1h00;4IC;PALESTRA1;lunedì;10h55
147;1h00;2A;PALESTRA2;lunedì;10h00
148;1h00;2A;PALESTRA2;lunedì;10h55
149;1h00;1AS;AULA 30;lunedì;10h00
150;1h00;1E;AULA 11;lunedì;10h55
151;1h00;1C;AULA 04;lunedì;10h55
152;1h00;1D;AULA 10A;lunedì;10h55
153;1h00;2AS;AULA 24;lunedì;10h55
154;1h00;2BS;LAB. MECCANICA;lunedì;10h55
155;1h00;2B;AULA 06;lunedì;10h55
156;1h00;2C;AULA 07;lunedì;10h55
157;1h00;2D;AULA 08;lunedì;10h55
158;1h00;2E;AULA 09;lunedì;10h55
159;1h00;2LS;BIBLIOTECA;lunedì;10h55
160;1h00;3IA;AULA 01;lunedì;10h55
161;1h00;3AU;AULA 21;lunedì;10h55
162;1h00;3BS;AULA 25;lunedì;10h55
163;1h00;3LS;AULA 23;lunedì;10h55
164;1h00;4IA;AULA 18;lunedì;10h55
165;1h00;4IB;AULA DISEGNO 1;lunedì;10h55
166;1h00;4BM;AULA 20;lunedì;10h55
167;1h00;4AS;AULA 19;lunedì;10h55
168;1h00;4BS;AULA 17;lunedì;10h55
169;1h00;4CS;AULA 28;lunedì;10h55
170;1h00;4LS;AULA 22;lunedì;10h55
171;1h00;5BM;AULA 05;lunedì;10h55
172;1h00;5AS;AULA 12;lunedì;10h55
173;1h00;5BS;LAB. BIOLOGIA ;lunedì;10h55
174;1h00;5CS;AULA DISEGNO 2;lunedì;10h55
175;1h00;5LS;AULA 26;lunedì;10h55
176;1h00;1AS;AULA 30;lunedì;10h55
177;1h00;5DS;AULA 29;lunedì;10h55
178;1h00;3AT;LAB. ROBOTICA;lunedì;10h55
179;1h00;1A;AULA 02;lunedì;10h55
180;1h00;1A;AULA 02;lunedì;11h55
181;1h00;3IB;LAB. INF1;lunedì;10h55
182;1h00;1B;LAB. CAD1;lunedì;10h55
183;1h00;1LS;AULA 31;lunedì;10h55
184;1h00;4AU;LAB. ELETTR-MISURE;lunedì;10h55
185;1h00;1D;AULA 10A;lunedì;11h55
186;1h00;1C;AULA 04;lunedì;11h55
187;1h00;1E;AULA 11;lunedì;11h55
188;1h00;1AS;AULA 30;lunedì;11h55
189;1h00;1LS;AULA 31;lunedì;11h55
190;1h00;2AS;AULA 24;lunedì;11h55
191;1h00;2A;AULA 05;lunedì;11h55
192;1h00;2B;AULA 06;lunedì;11h55
193;1h00;2C;AULA 07;lunedì;11h55
194;1h00;2E;AULA 09;lunedì;11h55
195;1h00;2F;AULA 09A;lunedì;11h55
196;1h00;2LS;BIBLIOTECA;lunedì;11h55
197;1h00;3IA;AULA 03;lunedì;11h55
198;1h00;3AU;AULA 21;lunedì;11h55
199;1h00;3AM;AULA DISEGNO 2;lunedì;11h55
200;1h00;3AS;AULA 13;lunedì;11h55
201;1h00;3BS;AULA 25;lunedì;11h55
202;1h00;3BS;AULA 25;lunedì;13h00
203;1h00;3LS;AULA 23;lunedì;11h55
204;1h00;4IA;AULA 18;lunedì;11h55
205;1h00;4AS;AULA 19;lunedì;11h55
206;1h00;4BS;AULA 17;lunedì;11h55
207;1h00;4LS;AULA 22;lunedì;11h55
208;1h00;4LS;AULA 22;lunedì;13h00
209;1h00;5IB;AULA 01;lunedì;11h55
210;1h00;5AM;AULA 15;lunedì;11h55
211;1h00;5AS;AULA 12;lunedì;11h55
212;1h00;5BS;AULA 27;lunedì;11h55
213;1h00;5BS;AULA 27;lunedì;13h00
214;1h00;5LS;AULA 26;lunedì;11h55
215;1h00;1B;LAB. CHIMICA ;lunedì;11h55
216;1h00;2D;LAB. FISICA;lunedì;11h55
217;1h00;3AT, 3IB;AULA 29;lunedì;11h55
218;1h00;4AU;AULA 20;lunedì;11h55
219;1h00;5AU;AULA 16;lunedì;11h55
220;1h00;5BM;AULA 08;lunedì;11h55
221;1h00;2BS;LAB. MECCANICA;lunedì;11h55
222;1h00;4IC;AULA 14;lunedì;11h55
223;1h00;4CS;AULA 28;lunedì;11h55
224;1h00;5DS;LAB. CAD1;lunedì;11h55
225;1h00;3BM;LAB. CAD2;lunedì;11h55
226;1h00;4IB;LAB. INF2;lunedì;11h55
227;1h00;5IA;LAB. INF1;lunedì;11h55
228;1h00;5IA;LAB. INF1;lunedì;13h00
229;1h00;4AT;LAB. AUTOMAZ-IMPIANTI;lunedì;11h55
230;1h00;4AM;LAB. OMS;lunedì;11h55
231;1h00;4AM;LAB. OMS;lunedì;13h00
232;1h00;4BM;LAB. SISTEMI-AUTOMAZ;lunedì;11h55
233;1h00;5CS;PALESTRA1;lunedì;11h55
234;1h00;;;lunedì;11h55
235;1h00;;;lunedì;11h55
236;1h00;1E;AULA 11;lunedì;13h00
237;1h00;1D;AULA 10A;lunedì;13h00
238;1h00;1D;AULA 10A;lunedì;13h50
239;1h00;1C;AULA 04;lunedì;13h00
240;1h00;1A;AULA 02;lunedì;13h00
241;1h00;1B;AULA 03;lunedì;13h00
242;1h00;1AS;AULA 30;lunedì;13h00
243;1h00;1LS;AULA 31;lunedì;13h00
244;1h00;2AS;AULA 24;lunedì;13h00
245;1h00;2C;AULA 07;lunedì;13h00
246;1h00;2E;AULA 09;lunedì;13h00
247;1h00;2F;AULA 09A;lunedì;13h00
248;1h00;3AU;AULA 21;lunedì;13h00
249;1h00;3AM;AULA 05;lunedì;13h00
250;1h00;3BM;LAB. TECNOLOGIA;lunedì;13h00
251;1h00;3AS;AULA 13;lunedì;13h00
252;1h00;3LS;AULA 23;lunedì;13h00
253;1h00;4IB;AULA DISEGNO 1;lunedì;13h00
254;1h00;4AU;AULA 20;lunedì;13h00
255;1h00;4BM;LAB. SISTEMI-AUTOMAZ;lunedì;13h00
256;1h00;4AS;AULA 19;lunedì;13h00
257;1h00;4BS;AULA 17;lunedì;13h00
258;1h00;5IB;AULA 01;lunedì;13h00
259;1h00;5AM;AULA 15;lunedì;13h00
260;1h00;5BM;AULA 08;lunedì;13h00
261;1h00;5AS;LAB. CAD1;lunedì;13h00
262;1h00;5CS;LAB. BIOLOGIA ;lunedì;13h00
263;1h00;5LS;AULA 26;lunedì;13h00
264;1h00;2A;LAB. FISICA;lunedì;13h00
265;1h00;2D;LAB. CHIMICA ;lunedì;13h00
266;1h00;3AT;LAB. AUTOMAZ-IMPIANTI;lunedì;13h00
267;1h00;5AU;AULA 16;lunedì;13h00
268;1h00;2BS;LAB. MECCANICA;lunedì;13h00
269;1h00;4AT;AULA DISEGNO 2;lunedì;13h00
270;1h00;4IC;AULA 14;lunedì;13h00
271;1h00;5DS;AULA 29;lunedì;13h00
272;1h00;3IB;LAB. INF2;lunedì;13h00
273;1h00;2B;PALESTRA1;lunedì;13h00
274;1h00;2B;PALESTRA1;lunedì;13h50
275;1h00;3IA;PALESTRA2;lunedì;13h00
276;1h00;3IA;PALESTRA2;lunedì;13h50
277;1h00;4CS;AULA 28;lunedì;13h00
278;1h00;4IA;AULA 18;lunedì;13h00
279;1h00;1C;AULA 04;lunedì;13h50
280;1h00;2C;AULA 07;lunedì;13h50
281;1h00;2E;AULA 09;lunedì;13h50
282;1h00;4AU;AULA 20;lunedì;13h50
283;1h00;4BM;LAB. SISTEMI-AUTOMAZ;lunedì;13h50
284;1h00;1B;LAB. FISICA;lunedì;13h50
285;1h00;2F;LAB. CHIMICA ;lunedì;13h50
286;1h00;3AT, 3IB;AULA 29;lunedì;13h50
287;1h00;5AU;AULA 16;lunedì;13h50
288;1h00;4IC;AULA 14;lunedì;13h50
289;1h00;1E;AULA 11;martedì;08h00
290;1h00;1A;AULA 02;martedì;08h00
291;1h00;1D;AULA 10A;martedì;08h00
292;1h00;1AS;AULA 31;martedì;08h00
293;1h00;1AS;AULA 31;martedì;08h55
294;1h00;1LS;LAB. MECCANICA;martedì;08h00
295;1h00;2AS;AULA 24;martedì;08h00
296;1h00;2A;AULA 05;martedì;08h00
297;1h00;2B;AULA 06;martedì;08h00
298;1h00;2D;AULA 08;martedì;08h00
299;1h00;2E;AULA 09;martedì;08h00
300;1h00;2F;AULA 09A;martedì;08h00
301;1h00;2LS;AULA 30;martedì;08h00
302;1h00;2LS;AULA 30;martedì;08h55
303;1h00;3IA;AULA 03;martedì;08h00
304;1h00;3IA;AULA 03;martedì;08h55
305;1h00;3AU;AULA 12;martedì;08h00
306;1h00;3AU;AULA 12;martedì;08h55
307;1h00;3AM;AULA 23;martedì;08h00
308;1h00;3AM;AULA 23;martedì;08h55
309;1h00;3AS;LAB. BIOLOGIA ;martedì;08h00
310;1h00;3AS;LAB. BIOLOGIA ;martedì;08h55
311;1h00;4IA;AULA 18;martedì;08h00
312;1h00;4AM;AULA 14;martedì;08h00
313;1h00;4AM;AULA 14;martedì;08h55
314;1h00;4BM;AULA 16;martedì;08h00
315;1h00;4AS;AULA 19;martedì;08h00
316;1h00;4BS;AULA 17;martedì;08h00
317;1h00;4CS;AULA 28;martedì;08h00
318;1h00;4LS;AULA 22;martedì;08h00
319;1h00;5IA;AULA 25;martedì;08h00
320;1h00;5IA;AULA 25;martedì;08h55
321;1h00;5AM;AULA 15;martedì;08h00
322;1h00;5AM;AULA 15;martedì;08h55
323;1h00;5AS;AULA 21;martedì;08h00
324;1h00;5BS;AULA 27;martedì;08h00
325;1h00;5BS;AULA 27;martedì;08h55
326;1h00;5CS;LAB. FISICA;martedì;08h00
327;1h00;5LS;AULA 26;martedì;08h00
328;1h00;5BM;LAB. TECNOLOGIA;martedì;08h00
329;1h00;5BM;LAB. TECNOLOGIA;martedì;08h55
330;1h00;1C;LAB. CHIMICA ;martedì;08h00
331;1h00;3AT, 3IB;AULA 13;martedì;08h00
332;1h00;4AU;AULA 20;martedì;08h00
333;1h00;5AU;LAB. ROBOTICA;martedì;08h00
334;1h00;2BS;BIBLIOTECA;martedì;08h00
335;1h00;5DS;AULA 29;martedì;08h00
336;1h00;4IC;LAB. INF2;martedì;08h00
337;1h00;4IC;LAB. INF2;martedì;08h55
338;1h00;4IB;LAB. INF1;martedì;08h00
339;1h00;4IB;LAB. INF1;martedì;08h55
340;1h00;5IB;LAB. ELETTRONICA2;martedì;08h00
341;1h00;5IB;LAB. ELETTRONICA2;martedì;08h55
342;1h00;4AT;LAB. AUTOMAZ-IMPIANTI;martedì;08h00
343;1h00;4AT;LAB. AUTOMAZ-IMPIANTI;martedì;08h55
344;1h00;3BM;LAB. SISTEMI-AUTOMAZ;martedì;08h00
345;1h00;3BM;LAB. SISTEMI-AUTOMAZ;martedì;08h55
346;1h00;1B;PAL COM1;martedì;08h00
347;1h00;1B;PAL COM1;martedì;08h55
348;1h00;2C;PAL.COM2;martedì;08h00
349;1h00;2C;PAL.COM2;martedì;08h55
350;1h00;3BS;PALESTRA1;martedì;08h00
351;1h00;3BS;PALESTRA1;martedì;08h55
352;1h00;3LS;PALESTRA2;martedì;08h00
353;1h00;3LS;PALESTRA2;martedì;08h55
354;1h00;1A;AULA 02;martedì;08h55
355;1h00;1D;AULA 10A;martedì;08h55
356;1h00;1E;AULA 11;martedì;08h55
357;1h00;1E;AULA 11;martedì;10h00
358;1h00;1C;AULA 04;martedì;08h55
359;1h00;1LS;LAB. MECCANICA;martedì;08h55
360;1h00;2AS;AULA 24;martedì;08h55
361;1h00;2BS;BIBLIOTECA;martedì;08h55
362;1h00;2A;AULA 05;martedì;08h55
363;1h00;2B;AULA 06;martedì;08h55
364;1h00;2D;AULA 08;martedì;08h55
365;1h00;2F;AULA 09A;martedì;08h55
366;1h00;4AU;AULA 20;martedì;08h55
367;1h00;4BM;AULA 16;martedì;08h55
368;1h00;4AS;AULA 19;martedì;08h55
369;1h00;4BS;AULA 17;martedì;08h55
370;1h00;4CS;AULA 28;martedì;08h55
371;1h00;4LS;AULA 22;martedì;08h55
372;1h00;5AS;AULA 21;martedì;08h55
373;1h00;5AS;AULA 21;martedì;10h00
374;1h00;5CS;AULA 18;martedì;08h55
375;1h00;5LS;AULA 26;martedì;08h55
376;1h00;2E;LAB. CHIMICA ;martedì;08h55
377;1h00;5DS;AULA 29;martedì;08h55
378;1h00;4IA;LAB. ELETTR-MISURE;martedì;08h55
379;1h00;4IA;LAB. ELETTR-MISURE;martedì;10h00
380;1h00;3AT, 3IB;AULA 13;martedì;08h55
381;1h00;5AU;LAB. ROBOTICA;martedì;08h55
382;1h00;1C;AULA 04;martedì;10h00
383;1h00;1B;AULA 03;martedì;10h00
384;1h00;3AU;AULA 12;martedì;10h00
385;1h00;2AS;AULA 24;martedì;10h00
386;1h00;2BS;BIBLIOTECA;martedì;10h00
387;1h00;2A;AULA 05;martedì;10h00
388;1h00;2B;AULA 06;martedì;10h00
389;1h00;2C;AULA 07;martedì;10h00
390;1h00;2D;AULA 08;martedì;10h00
391;1h00;2E;AULA 09;martedì;10h00
392;1h00;2LS;AULA 30;martedì;10h00
393;1h00;1LS;LAB. MECCANICA;martedì;10h00
394;1h00;3BM;AULA 09A;martedì;10h00
395;1h00;3AS;AULA 13;martedì;10h00
396;1h00;3BS;AULA 25;martedì;10h00
397;1h00;3LS;AULA 23;martedì;10h00
398;1h00;4IB;AULA DISEGNO 1;martedì;10h00
399;1h00;4AU;AULA DISEGNO 2;martedì;10h00
400;1h00;4AS;AULA 19;martedì;10h00
401;1h00;4CS;AULA 28;martedì;10h00
402;1h00;4LS;AULA 22;martedì;10h00
403;1h00;5IB;LAB. CHIMICA ;martedì;10h00
404;1h00;5IB;LAB. CHIMICA ;martedì;10h55
405;1h00;5BM;AULA 17;martedì;10h00
406;1h00;5BS;AULA 27;martedì;10h00
407;1h00;5CS;AULA 20;martedì;10h00
408;1h00;5LS;AULA 26;martedì;10h00
409;1h00;5LS;AULA 26;martedì;10h55
410;1h00;1A;LAB. INF1;martedì;10h00
411;1h00;3AT;LAB. AUTOMAZ-IMPIANTI;martedì;10h00
412;1h00;5AU;LAB. ROBOTICA;martedì;10h00
413;1h00;1AS;LAB. FISICA;martedì;10h00
414;1h00;4BM;AULA 16;martedì;10h00
415;1h00;4AT;AULA 01;martedì;10h00
416;1h00;4IC;AULA 14;martedì;10h00
417;1h00;5DS;AULA 29;martedì;10h00
418;1h00;3IB;LAB. ELETTRONICA2;martedì;10h00
419;1h00;3IA;LAB. INF2;martedì;10h00
420;1h00;3IA;LAB. INF2;martedì;10h55
421;1h00;3AM;LAB. TECNOLOGIA;martedì;10h00
422;1h00;3AM;LAB. TECNOLOGIA;martedì;10h55
423;1h00;4AM;LAB. SISTEMI-AUTOMAZ;martedì;10h00
424;1h00;4AM;LAB. SISTEMI-AUTOMAZ;martedì;10h55
425;1h00;1D;LAB. CAD2;martedì;10h00
426;1h00;4BS;PAL COM1;martedì;10h00
427;1h00;4BS;PAL COM1;martedì;10h55
428;1h00;5IA;PAL.COM2;martedì;10h00
429;1h00;5IA;PAL.COM2;martedì;10h55
430;1h00;5AM;PALESTRA1;martedì;10h00
431;1h00;5AM;PALESTRA1;martedì;10h55
432;1h00;2F;PALESTRA2;martedì;10h00
433;1h00;2F;PALESTRA2;martedì;10h55
434;1h00;1D;AULA 10A;martedì;10h55
435;1h00;1C;AULA 04;martedì;10h55
436;1h00;1A;AULA 02;martedì;10h55
437;1h00;1AS;AULA 31;martedì;10h55
438;1h00;1LS;LAB. MECCANICA;martedì;10h55
439;1h00;2AS;AULA 24;martedì;10h55
440;1h00;2A;AULA 05;martedì;10h55
441;1h00;2B;AULA 06;martedì;10h55
442;1h00;2C;AULA 07;martedì;10h55
443;1h00;2D;AULA 08;martedì;10h55
444;1h00;2LS;AULA 30;martedì;10h55
445;1h00;3AU;AULA 12;martedì;10h55
446;1h00;3BM;AULA 09A;martedì;10h55
447;1h00;3AS;AULA 13;martedì;10h55
448;1h00;3BS;AULA 25;martedì;10h55
449;1h00;3LS;AULA 23;martedì;10h55
450;1h00;4IA;LAB. ELETTRONICA2;martedì;10h55
451;1h00;4IB;AULA DISEGNO 1;martedì;10h55
452;1h00;4AU;AULA DISEGNO 2;martedì;10h55
453;1h00;4BM;AULA 16;martedì;10h55
454;1h00;4AS;AULA 19;martedì;10h55
455;1h00;4CS;AULA 28;martedì;10h55
456;1h00;4LS;AULA 22;martedì;10h55
457;1h00;5BM;AULA 17;martedì;10h55
458;1h00;5AS;AULA 21;martedì;10h55
459;1h00;5BS;AULA 27;martedì;10h55
460;1h00;5CS;AULA 20;martedì;10h55
461;1h00;1B;LAB. INF1;martedì;10h55
462;1h00;2E;LAB. FISICA;martedì;10h55
463;1h00;3AT;LAB. AUTOMAZ-IMPIANTI;martedì;10h55
464;1h00;4AT;AULA 01;martedì;10h55
465;1h00;4IC;AULA 14;martedì;10h55
466;1h00;5DS;AULA 29;martedì;10h55
467;1h00;3IB;LAB. ELETTR-MISURE;martedì;10h55
468;1h00;3IB;LAB. ELETTR-MISURE;martedì;11h55
469;1h00;1E;LAB. CAD2;martedì;10h55
470;1h00;2BS;BIBLIOTECA;martedì;10h55
471;1h00;5AU;LAB. ROBOTICA;martedì;10h55
472;1h00;1C;AULA 04;martedì;11h55
473;1h00;1E;AULA 11;martedì;11h55
474;1h00;1B;AULA 03;martedì;11h55
475;1h00;1D;AULA 10A;martedì;11h55
476;1h00;1AS;AULA 31;martedì;11h55
477;1h00;2AS;AULA 24;martedì;11h55
478;1h00;2BS;BIBLIOTECA;martedì;11h55
479;1h00;2A;AULA 05;martedì;11h55
480;1h00;2C;AULA 07;martedì;11h55
481;1h00;2D;AULA 08;martedì;11h55
482;1h00;2E;AULA 09;martedì;11h55
483;1h00;2F;AULA 06;martedì;11h55
484;1h00;2LS;AULA 30;martedì;11h55
485;1h00;3IA;LAB. INF1;martedì;11h55
486;1h00;3AU;AULA 12;martedì;11h55
487;1h00;3AM;LAB. TECNOLOGIA;martedì;11h55
488;1h00;3BM;AULA 09A;martedì;11h55
489;1h00;3AS;AULA 13;martedì;11h55
490;1h00;3BS;AULA 25;martedì;11h55
491;1h00;3LS;AULA 23;martedì;11h55
492;1h00;4IA;AULA 18;martedì;11h55
493;1h00;4IB;AULA DISEGNO 1;martedì;11h55
494;1h00;4AM;AULA 14;martedì;11h55
495;1h00;4BM;AULA 16;martedì;11h55
496;1h00;4AS;AULA 19;martedì;11h55
497;1h00;4BS;AULA 17;martedì;11h55
498;1h00;4LS;AULA 22;martedì;11h55
499;1h00;5IA;LAB. INF2;martedì;11h55
500;1h00;5IB;LAB. CHIMICA ;martedì;11h55
501;1h00;5AM;AULA 15;martedì;11h55
502;1h00;5AS;AULA 21;martedì;11h55
503;1h00;5BS;AULA 27;martedì;11h55
504;1h00;5CS;AULA 20;martedì;11h55
505;1h00;5LS;LAB. BIOLOGIA ;martedì;11h55
506;1h00;5BM;LAB. SISTEMI-AUTOMAZ;martedì;11h55
507;1h00;2B;LAB. CAD2;martedì;11h55
508;1h00;4AU;AULA DISEGNO 2;martedì;11h55
509;1h00;1A;LAB. FISICA;martedì;11h55
510;1h00;4AT;AULA 01;martedì;11h55
511;1h00;4CS;AULA 28;martedì;11h55
512;1h00;5DS;AULA 29;martedì;11h55
513;1h00;3AT;LAB. ROBOTICA;martedì;11h55
514;1h00;4IC;LAB. ELETTRONICA2;martedì;11h55
515;1h00;4IC;LAB. ELETTRONICA2;martedì;13h00
516;1h00;5AU;LAB. AUTOMAZ-IMPIANTI;martedì;11h55
517;3h00;;;martedì;11h55
518;3h00;;;martedì;11h55
519;1h00;1LS;PALESTRA1;martedì;11h55
520;1h00;1D;AULA 10A;martedì;13h00
521;1h00;1B;AULA 03;martedì;13h00
522;1h00;1C;AULA 04;martedì;13h00
523;1h00;1C;AULA 04;martedì;13h50
524;1h00;1A;AULA 02;martedì;13h00
525;1h00;1E;AULA 11;martedì;13h00
526;1h00;1AS;LAB. CHIMICA ;martedì;13h00
527;1h00;2A;AULA 05;martedì;13h00
528;1h00;2B;LAB. CAD2;martedì;13h00
529;1h00;2C;AULA 07;martedì;13h00
530;1h00;2D;AULA 08;martedì;13h00
531;1h00;2E;AULA 09;martedì;13h00
532;1h00;2F;AULA 06;martedì;13h00
533;1h00;3AU;AULA 12;martedì;13h00
534;1h00;3AS;AULA 13;martedì;13h00
535;1h00;3BS;AULA 25;martedì;13h00
536;1h00;3LS;AULA 23;martedì;13h00
537;1h00;4IA;AULA 18;martedì;13h00
538;1h00;4IB;AULA DISEGNO 1;martedì;13h00
539;1h00;4IB;AULA DISEGNO 1;martedì;13h50
540;1h00;4AM;AULA 14;martedì;13h00
541;1h00;4BM;AULA 16;martedì;13h00
542;1h00;4BM;AULA 16;martedì;13h50
543;1h00;4AS;AULA 19;martedì;13h00
544;1h00;4BS;LAB. CAD1;martedì;13h00
545;1h00;4CS;AULA 28;martedì;13h00
546;1h00;5IA;LAB. INF1;martedì;13h00
547;1h00;5IB;AULA 30;martedì;13h00
548;1h00;5AM;AULA 15;martedì;13h00
549;1h00;5AS;AULA 21;martedì;13h00
550;1h00;5BS;AULA 27;martedì;13h00
551;1h00;5CS;AULA 20;martedì;13h00
552;1h00;5LS;LAB. BIOLOGIA ;martedì;13h00
553;1h00;3BM;AULA 09A;martedì;13h00
554;1h00;3IA;BIBLIOTECA;martedì;13h00
555;1h00;3AT, 3IB;AULA 24;martedì;13h00
556;1h00;5DS;AULA 29;martedì;13h00
557;1h00;4AT;LAB. ELETTR-MISURE;martedì;13h00
558;1h00;4AT;LAB. ELETTR-MISURE;martedì;13h50
559;1h00;4LS;PALESTRA1;martedì;13h00
560;1h00;4LS;PALESTRA1;martedì;13h50
561;1h00;3AM;PALESTRA2;martedì;13h00
562;1h00;3AM;PALESTRA2;martedì;13h50
563;1h00;2AS;LAB. FISICA;martedì;13h00
564;1h00;5BM;LAB. TECNOLOGIA;martedì;13h00
565;1h00;5AU;LAB. AUTOMAZ-IMPIANTI;martedì;13h00
566;1h00;4AU;LAB. ROBOTICA;martedì;13h00
567;1h00;1A;AULA 02;martedì;13h50
568;1h00;1E;AULA 11;martedì;13h50
569;1h00;2C;AULA 07;martedì;13h50
570;1h00;2F;AULA 06;martedì;13h50
571;1h00;4AM;AULA 14;martedì;13h50
572;1h00;5IB;AULA 30;martedì;13h50
573;1h00;5AM;AULA 15;martedì;13h50
574;1h00;5BM;LAB. TECNOLOGIA;martedì;13h50
575;1h00;5IA;LAB. INF1;martedì;13h50
576;1h00;1E;AULA 11;mercoledì;08h00
577;1h00;1B;AULA 03;mercoledì;08h00
578;1h00;1B;AULA 03;mercoledì;08h55
579;1h00;1A;AULA 02;mercoledì;08h00
580;1h00;1LS;BIBLIOTECA;mercoledì;08h00
581;1h00;2AS;AULA 26;mercoledì;08h00
582;1h00;2AS;AULA 26;mercoledì;08h55
583;1h00;2BS;AULA 30;mercoledì;08h00
584;1h00;2A;AULA 05;mercoledì;08h00
585;1h00;2B;AULA 06;mercoledì;08h00
586;1h00;2C;AULA 07;mercoledì;08h00
587;1h00;2D;AULA 08;mercoledì;08h00
588;1h00;2D;AULA 08;mercoledì;08h55
589;1h00;2E;AULA 09;mercoledì;08h00
590;1h00;2F;AULA 09A;mercoledì;08h00
591;1h00;2LS;AULA 31;mercoledì;08h00
592;1h00;3AU;AULA 21;mercoledì;08h00
593;1h00;3AM;LAB. MECCANICA;mercoledì;08h00
594;1h00;3AS;AULA 13;mercoledì;08h00
595;1h00;3AS;AULA 13;mercoledì;08h55
596;1h00;3BS;AULA 12;mercoledì;08h00
597;1h00;3BS;AULA 12;mercoledì;08h55
598;1h00;3LS;AULA 23;mercoledì;08h00
599;1h00;4IA;LAB. CAD2;mercoledì;08h00
600;1h00;4IA;LAB. CAD2;mercoledì;08h55
601;1h00;4IB;AULA DISEGNO 1;mercoledì;08h00
602;1h00;4IB;AULA DISEGNO 1;mercoledì;08h55
603;1h00;4AU;AULA 20;mercoledì;08h00
604;1h00;4BM;AULA 24;mercoledì;08h00
605;1h00;4BM;AULA 24;mercoledì;08h55
606;1h00;4AS;AULA 17;mercoledì;08h00
607;1h00;4BS;AULA 19;mercoledì;08h00
608;1h00;4LS;AULA 22;mercoledì;08h00
609;1h00;5IA;AULA 25;mercoledì;08h00
610;1h00;5AS;AULA 28;mercoledì;08h00
611;1h00;5BS;AULA 27;mercoledì;08h00
612;1h00;5LS;LAB. FISICA;mercoledì;08h00
613;1h00;4AM;LAB. CAD1;mercoledì;08h00
614;1h00;4AM;LAB. CAD1;mercoledì;08h55
615;1h00;5BM;LAB. SISTEMI-AUTOMAZ;mercoledì;08h00
616;1h00;5BM;LAB. SISTEMI-AUTOMAZ;mercoledì;08h55
617;1h00;5AM;AULA 15;mercoledì;08h00
618;1h00;4AT;AULA 01;mercoledì;08h00
619;1h00;4IC;AULA 14;mercoledì;08h00
620;1h00;4CS;LAB. CHIMICA ;mercoledì;08h00
621;1h00;4CS;LAB. CHIMICA ;mercoledì;08h55
622;1h00;5DS;AULA 29;mercoledì;08h00
623;1h00;3IA;LAB. ELETTRONICA2;mercoledì;08h00
624;1h00;3IB;LAB. INF2;mercoledì;08h00
625;1h00;3IB;LAB. INF2;mercoledì;08h55
626;1h00;5IB;LAB. INF1;mercoledì;08h00
627;1h00;5IB;LAB. INF1;mercoledì;08h55
628;1h00;3AT;LAB. ELETTR-MISURE;mercoledì;08h00
629;1h00;3AT;LAB. ELETTR-MISURE;mercoledì;08h55
630;1h00;5AU;LAB. AUTOMAZ-IMPIANTI;mercoledì;08h00
631;1h00;3BM;LAB. TECNOLOGIA;mercoledì;08h00
632;1h00;3BM;LAB. TECNOLOGIA;mercoledì;08h55
633;1h00;1C;PAL COM1;mercoledì;08h00
634;1h00;1C;PAL COM1;mercoledì;08h55
635;1h00;1D;PAL.COM2;mercoledì;08h00
636;1h00;1D;PAL.COM2;mercoledì;08h55
637;1h00;1AS;PALESTRA1;mercoledì;08h00
638;1h00;1AS;PALESTRA1;mercoledì;08h55
639;1h00;5CS;PALESTRA2;mercoledì;08h00
640;1h00;5CS;PALESTRA2;mercoledì;08h55
641;1h00;1E;AULA 11;mercoledì;08h55
642;1h00;1A;AULA 02;mercoledì;08h55
643;1h00;1LS;BIBLIOTECA;mercoledì;08h55
644;1h00;2A;AULA 05;mercoledì;08h55
645;1h00;2B;AULA 06;mercoledì;08h55
646;1h00;2C;LAB. FISICA;mercoledì;08h55
647;1h00;2F;AULA 09A;mercoledì;08h55
648;1h00;2LS;AULA 31;mercoledì;08h55
649;1h00;3AU;AULA 21;mercoledì;08h55
650;1h00;3AM;LAB. MECCANICA;mercoledì;08h55
651;1h00;3LS;AULA 23;mercoledì;08h55
652;1h00;4AS;AULA 17;mercoledì;08h55
653;1h00;4BS;AULA 19;mercoledì;08h55
654;1h00;4LS;AULA 22;mercoledì;08h55
655;1h00;5IA;AULA 25;mercoledì;08h55
656;1h00;5AM;AULA 15;mercoledì;08h55
657;1h00;5AS;AULA 28;mercoledì;08h55
658;1h00;5BS;AULA 27;mercoledì;08h55
659;1h00;5LS;AULA 18;mercoledì;08h55
660;1h00;4AU;AULA 20;mercoledì;08h55
661;1h00;2BS;AULA 30;mercoledì;08h55
662;1h00;4AT;AULA 01;mercoledì;08h55
663;1h00;4IC;AULA 14;mercoledì;08h55
664;1h00;5DS;AULA 29;mercoledì;08h55
665;1h00;2E;AULA 09;mercoledì;08h55
666;1h00;3IA;LAB. ELETTRONICA2;mercoledì;08h55
667;1h00;5AU;LAB. AUTOMAZ-IMPIANTI;mercoledì;08h55
668;1h00;1D;AULA 10A;mercoledì;10h00
669;1h00;1C;AULA 04;mercoledì;10h00
670;1h00;1E;AULA 11;mercoledì;10h00
671;1h00;1B;AULA 03;mercoledì;10h00
672;1h00;1AS;LAB. MECCANICA;mercoledì;10h00
673;1h00;1LS;BIBLIOTECA;mercoledì;10h00
674;1h00;1LS;BIBLIOTECA;mercoledì;10h55
675;1h00;2AS;AULA 26;mercoledì;10h00
676;1h00;2A;AULA 05;mercoledì;10h00
677;1h00;2B;AULA 06;mercoledì;10h00
678;1h00;2C;AULA 07;mercoledì;10h00
679;1h00;2C;AULA 07;mercoledì;10h55
680;1h00;2D;AULA 08;mercoledì;10h00
681;1h00;2F;AULA 09A;mercoledì;10h00
682;1h00;2LS;AULA 31;mercoledì;10h00
683;1h00;3IA;AULA 27;mercoledì;10h00
684;1h00;3BM;AULA 24;mercoledì;10h00
685;1h00;3AS;AULA 13;mercoledì;10h00
686;1h00;3BS;AULA 18;mercoledì;10h00
687;1h00;3LS;AULA 23;mercoledì;10h00
688;1h00;3LS;AULA 23;mercoledì;10h55
689;1h00;4AM;AULA DISEGNO 2;mercoledì;10h00
690;1h00;4AS;AULA 17;mercoledì;10h00
691;1h00;4BS;LAB. CAD2;mercoledì;10h00
692;1h00;4CS;AULA 19;mercoledì;10h00
693;1h00;4CS;AULA 19;mercoledì;10h55
694;1h00;5IA;AULA 25;mercoledì;10h00
695;1h00;5IB;AULA 21;mercoledì;10h00
696;1h00;5AS;AULA 28;mercoledì;10h00
697;1h00;5BS;LAB. FISICA;mercoledì;10h00
698;1h00;5CS;AULA 20;mercoledì;10h00
699;1h00;5CS;AULA 20;mercoledì;10h55
700;1h00;3AM;AULA 12;mercoledì;10h00
701;1h00;5AM;LAB. TECNOLOGIA;mercoledì;10h00
702;1h00;5AM;LAB. TECNOLOGIA;mercoledì;10h55
703;1h00;5BM;LAB. CAD1;mercoledì;10h00
704;1h00;3AU;LAB. ROBOTICA;mercoledì;10h00
705;1h00;3AU;LAB. ROBOTICA;mercoledì;10h55
706;1h00;5AU;AULA 16;mercoledì;10h00
707;1h00;4LS;AULA 22;mercoledì;10h00
708;1h00;2BS;LAB. CHIMICA ;mercoledì;10h00
709;1h00;4AT;AULA 01;mercoledì;10h00
710;1h00;1A;AULA 02;mercoledì;10h00
711;1h00;4IA;LAB. INF2;mercoledì;10h00
712;1h00;4IC;LAB. INF1;mercoledì;10h00
713;1h00;4IC;LAB. INF1;mercoledì;10h55
714;1h00;4IB;LAB. ELETTRONICA2;mercoledì;10h00
715;1h00;4AU;LAB. AUTOMAZ-IMPIANTI;mercoledì;10h00
716;1h00;4AU;LAB. AUTOMAZ-IMPIANTI;mercoledì;10h55
717;1h00;4BM;LAB. OMS;mercoledì;10h00
718;1h00;4BM;LAB. OMS;mercoledì;10h55
719;1h00;2E;PAL COM1;mercoledì;10h00
720;1h00;2E;PAL COM1;mercoledì;10h55
721;1h00;5LS;PALESTRA1;mercoledì;10h00
722;1h00;3AT, 3IB;PAL.COM2;mercoledì;10h00
723;1h00;3AT, 3IB;PAL.COM2;mercoledì;10h55
724;1h00;5DS;PALESTRA2;mercoledì;10h00
725;1h00;1B;AULA 03;mercoledì;10h55
726;1h00;1A;AULA 02;mercoledì;10h55
727;1h00;1E;AULA 11;mercoledì;10h55
728;1h00;1C;AULA 04;mercoledì;10h55
729;1h00;1D;AULA 10A;mercoledì;10h55
730;1h00;2AS;LAB. FISICA;mercoledì;10h55
731;1h00;2BS;AULA 30;mercoledì;10h55
732;1h00;2BS;AULA 30;mercoledì;11h55
733;1h00;2A;AULA 05;mercoledì;10h55
734;1h00;2B;AULA 06;mercoledì;10h55
735;1h00;2D;AULA 08;mercoledì;10h55
736;1h00;2F;AULA 09A;mercoledì;10h55
737;1h00;2LS;AULA 31;mercoledì;10h55
738;1h00;3IA;AULA 27;mercoledì;10h55
739;1h00;3AM;LAB. CAD2;mercoledì;10h55
740;1h00;3AS;AULA 13;mercoledì;10h55
741;1h00;3BS;AULA 18;mercoledì;10h55
742;1h00;4AM;AULA DISEGNO 2;mercoledì;10h55
743;1h00;4AS;LAB. CAD1;mercoledì;10h55
744;1h00;4BS;AULA 17;mercoledì;10h55
745;1h00;4LS;AULA 22;mercoledì;10h55
746;1h00;5IA;AULA 25;mercoledì;10h55
747;1h00;5IB;AULA 21;mercoledì;10h55
748;1h00;5LS;AULA 26;mercoledì;10h55
749;1h00;3BM;AULA 24;mercoledì;10h55
750;1h00;5BM;LAB. SISTEMI-AUTOMAZ;mercoledì;10h55
751;1h00;4AT;AULA 01;mercoledì;10h55
752;1h00;5DS;LAB. BIOLOGIA ;mercoledì;10h55
753;1h00;5AS;PALESTRA1;mercoledì;10h55
754;1h00;5AS;PALESTRA1;mercoledì;11h55
755;1h00;5BS;PALESTRA2;mercoledì;10h55
756;1h00;5BS;PALESTRA2;mercoledì;11h55
757;1h00;5AU;AULA 16;mercoledì;10h55
758;1h00;1AS;LAB. MECCANICA;mercoledì;10h55
759;1h00;4IB;LAB. ELETTRONICA2;mercoledì;10h55
760;1h00;4IA;LAB. INF2;mercoledì;10h55
761;1h00;1C;AULA 04;mercoledì;11h55
762;1h00;1A;AULA 02;mercoledì;11h55
763;1h00;1B;AULA 03;mercoledì;11h55
764;1h00;1D;AULA 10A;mercoledì;11h55
765;1h00;1E;AULA 11;mercoledì;11h55
766;1h00;1AS;LAB. MECCANICA;mercoledì;11h55
767;1h00;1LS;BIBLIOTECA;mercoledì;11h55
768;1h00;2AS;LAB. BIOLOGIA ;mercoledì;11h55
769;1h00;2A;AULA 05;mercoledì;11h55
770;1h00;2B;AULA 06;mercoledì;11h55
771;1h00;2C;AULA 07;mercoledì;11h55
772;1h00;2D;AULA 08;mercoledì;11h55
773;1h00;2E;AULA 09;mercoledì;11h55
774;1h00;2F;AULA 09A;mercoledì;11h55
775;1h00;2LS;AULA 31;mercoledì;11h55
776;1h00;3AU;AULA 21;mercoledì;11h55
777;1h00;3AM;AULA 12;mercoledì;11h55
778;1h00;3AM;AULA 12;mercoledì;13h00
779;1h00;3AS;AULA 13;mercoledì;11h55
780;1h00;3BS;LAB. CAD2;mercoledì;11h55
781;1h00;3LS;AULA 23;mercoledì;11h55
782;1h00;4IA;AULA 28;mercoledì;11h55
783;1h00;4IB;AULA DISEGNO 1;mercoledì;11h55
784;1h00;4AM;LAB. TECNOLOGIA;mercoledì;11h55
785;1h00;4AS;LAB. FISICA;mercoledì;11h55
786;1h00;4BS;AULA 17;mercoledì;11h55
787;1h00;4CS;AULA 19;mercoledì;11h55
788;1h00;4LS;AULA 22;mercoledì;11h55
789;1h00;5IA;LAB. INF2;mercoledì;11h55
790;1h00;5BM;LAB. SISTEMI-AUTOMAZ;mercoledì;11h55
791;1h00;5CS;AULA 20;mercoledì;11h55
792;1h00;5LS;AULA 26;mercoledì;11h55
793;1h00;3BM;AULA 24;mercoledì;11h55
794;1h00;5AM;LAB. CAD1;mercoledì;11h55
795;1h00;3AT, 3IB;AULA 25;mercoledì;11h55
796;1h00;4AU;AULA DISEGNO 2;mercoledì;11h55
797;1h00;5AU;AULA 16;mercoledì;11h55
798;1h00;4BM;AULA 27;mercoledì;11h55
799;1h00;4AT;AULA 01;mercoledì;11h55
800;1h00;4IC;AULA 14;mercoledì;11h55
801;1h00;5DS;AULA 29;mercoledì;11h55
802;1h00;3IA;LAB. ELETTR-MISURE;mercoledì;11h55
803;1h00;3IA;LAB. ELETTR-MISURE;mercoledì;13h00
804;1h00;5IB;LAB. INF1;mercoledì;11h55
805;1h00;1E;AULA 11;mercoledì;13h00
806;1h00;1B;AULA 03;mercoledì;13h00
807;1h00;1D;AULA 10A;mercoledì;13h00
808;1h00;1C;AULA 04;mercoledì;13h00
809;1h00;1A;AULA 02;mercoledì;13h00
810;1h00;1LS;BIBLIOTECA;mercoledì;13h00
811;1h00;2A;AULA 05;mercoledì;13h00
812;1h00;2C;AULA 07;mercoledì;13h00
813;1h00;2D;AULA 08;mercoledì;13h00
814;1h00;2E;AULA 09;mercoledì;13h00
815;1h00;2F;AULA 09A;mercoledì;13h00
816;1h00;3BM;AULA 24;mercoledì;13h00
817;1h00;3AS;AULA 13;mercoledì;13h00
818;1h00;3BS;AULA 31;mercoledì;13h00
819;1h00;3LS;AULA 23;mercoledì;13h00
820;1h00;4IA;AULA 28;mercoledì;13h00
821;1h00;4IB;AULA DISEGNO 1;mercoledì;13h00
822;1h00;4AM;LAB. TECNOLOGIA;mercoledì;13h00
823;1h00;4BM;AULA 27;mercoledì;13h00
824;1h00;4AS;AULA 19;mercoledì;13h00
825;1h00;4BS;AULA 17;mercoledì;13h00
826;1h00;4CS;LAB. CAD2;mercoledì;13h00
827;1h00;4LS;LAB. FISICA;mercoledì;13h00
828;1h00;5IB;LAB. INF1;mercoledì;13h00
829;1h00;5AM;LAB. CAD1;mercoledì;13h00
830;1h00;5BM;LAB. SISTEMI-AUTOMAZ;mercoledì;13h00
831;1h00;5BM;LAB. SISTEMI-AUTOMAZ;mercoledì;13h50
832;1h00;5AS;AULA 18;mercoledì;13h00
833;1h00;5BS;AULA 21;mercoledì;13h00
834;1h00;5CS;AULA 20;mercoledì;13h00
835;1h00;5AU;AULA 16;mercoledì;13h00
836;1h00;5LS;AULA 26;mercoledì;13h00
837;1h00;4AT;AULA 01;mercoledì;13h00
838;1h00;4IC;AULA 14;mercoledì;13h00
839;1h00;4IC;AULA 14;mercoledì;13h50
840;1h00;3IB;LAB. ELETTRONICA2;mercoledì;13h00
841;1h00;3AT;AULA 25;mercoledì;13h00
842;1h00;5IA;LAB. INF2;mercoledì;13h00
843;1h00;5IA;LAB. INF2;mercoledì;13h50
844;1h00;3AU;PALESTRA1;mercoledì;13h00
845;1h00;3AU;PALESTRA1;mercoledì;13h50
846;1h00;4AU;AULA DISEGNO 2;mercoledì;13h00
847;1h00;1AS;LAB. CHIMICA ;mercoledì;13h00
848;1h00;5DS;AULA 29;mercoledì;13h00
849;1h00;2B;AULA 06;mercoledì;13h00
850;1h00;1E;AULA 11;mercoledì;13h50
851;1h00;1D;AULA 10A;mercoledì;13h50
852;1h00;2E;AULA 09;mercoledì;13h50
853;1h00;3IA;LAB. ELETTR-MISURE;mercoledì;13h50
854;1h00;3AT, 3IB;AULA 25;mercoledì;13h50
855;1h00;3BM;AULA 24;mercoledì;13h50
856;1h00;3BS;AULA 04;mercoledì;13h50
857;1h00;5AU;AULA 16;mercoledì;13h50
858;1h00;1B;AULA 03;giovedì;08h00
859;1h00;1D;AULA 10A;giovedì;08h00
860;1h00;1C;AULA 04;giovedì;08h00
861;1h00;1AS;BIBLIOTECA;giovedì;08h00
862;1h00;2B;AULA 06;giovedì;08h00
863;1h00;2C;AULA 07;giovedì;08h00
864;1h00;2D;AULA 08;giovedì;08h00
865;1h00;2E;AULA 09;giovedì;08h00
866;1h00;2F;AULA 09A;giovedì;08h00
867;1h00;2LS;LAB. FISICA;giovedì;08h00
868;1h00;3IA;AULA 12;giovedì;08h00
869;1h00;3AM;LAB. SISTEMI-AUTOMAZ;giovedì;08h00
870;1h00;3AS;AULA 30;giovedì;08h00
871;1h00;3BS;LAB. BIOLOGIA ;giovedì;08h00
872;1h00;3LS;AULA 23;giovedì;08h00
873;1h00;4IB;AULA DISEGNO 1;giovedì;08h00
874;1h00;4IB;AULA DISEGNO 1;giovedì;08h55
875;1h00;4AU;AULA 20;giovedì;08h00
876;1h00;4AU;AULA 20;giovedì;08h55
877;1h00;4BM;AULA 24;giovedì;08h00
878;1h00;4AS;AULA 19;giovedì;08h00
879;1h00;4BS;AULA 17;giovedì;08h00
880;1h00;4CS;AULA 21;giovedì;08h00
881;1h00;4CS;AULA 21;giovedì;08h55
882;1h00;4LS;AULA 22;giovedì;08h00
883;1h00;5IB;AULA 01;giovedì;08h00
884;1h00;5BM;LAB. TECNOLOGIA;giovedì;08h00
885;1h00;5AS;AULA 18;giovedì;08h00
886;1h00;5BS;AULA 27;giovedì;08h00
887;1h00;5CS;AULA DISEGNO 2;giovedì;08h00
888;1h00;5CS;AULA DISEGNO 2;giovedì;08h55
889;1h00;5LS;AULA 26;giovedì;08h00
890;1h00;5AM;LAB. CAD1;giovedì;08h00
891;1h00;5AM;LAB. CAD1;giovedì;08h55
892;1h00;2A;LAB. CAD2;giovedì;08h00
893;1h00;1A;LAB. CHIMICA ;giovedì;08h00
894;1h00;2BS;AULA 31;giovedì;08h00
895;1h00;4AT;AULA 11;giovedì;08h00
896;1h00;4AT;AULA 11;giovedì;08h55
897;1h00;4IC;AULA 14;giovedì;08h00
898;1h00;5DS;AULA 29;giovedì;08h00
899;1h00;5DS;AULA 29;giovedì;08h55
900;1h00;3IB;LAB. INF1;giovedì;08h00
901;1h00;3IB;LAB. INF1;giovedì;08h55
902;1h00;4IA;LAB. ELETTRONICA2;giovedì;08h00
903;1h00;4IA;LAB. ELETTRONICA2;giovedì;08h55
904;1h00;5IA;LAB. INF2;giovedì;08h00
905;1h00;5IA;LAB. INF2;giovedì;08h55
906;1h00;3AT;LAB. AUTOMAZ-IMPIANTI;giovedì;08h00
907;1h00;3AT;LAB. AUTOMAZ-IMPIANTI;giovedì;08h55
908;1h00;3AU;LAB. ROBOTICA;giovedì;08h00
909;1h00;3AU;LAB. ROBOTICA;giovedì;08h55
910;1h00;5AU;LAB. ELETTR-MISURE;giovedì;08h00
911;1h00;4AM;LAB. OMS;giovedì;08h00
912;1h00;4AM;LAB. OMS;giovedì;08h55
913;1h00;1E;PAL COM1;giovedì;08h00
914;1h00;1E;PAL COM1;giovedì;08h55
915;1h00;2AS;PAL.COM2;giovedì;08h00
916;1h00;2AS;PAL.COM2;giovedì;08h55
917;1h00;3BM;PALESTRA1;giovedì;08h00
918;1h00;3BM;PALESTRA1;giovedì;08h55
919;1h00;1LS;PALESTRA2;giovedì;08h00
920;1h00;1LS;PALESTRA2;giovedì;08h55
921;1h00;1A;AULA 02;giovedì;08h55
922;1h00;1B;AULA 03;giovedì;08h55
923;1h00;1D;AULA 10A;giovedì;08h55
924;1h00;1C;AULA 04;giovedì;08h55
925;1h00;1AS;BIBLIOTECA;giovedì;08h55
926;1h00;2BS;AULA 31;giovedì;08h55
927;1h00;2A;AULA 05;giovedì;08h55
928;1h00;2C;AULA 07;giovedì;08h55
929;1h00;2D;AULA 08;giovedì;08h55
930;1h00;2E;AULA 09;giovedì;08h55
931;1h00;2LS;LAB. MECCANICA;giovedì;08h55
932;1h00;3IA;AULA 12;giovedì;08h55
933;1h00;3AM;LAB. SISTEMI-AUTOMAZ;giovedì;08h55
934;1h00;3AS;AULA 30;giovedì;08h55
935;1h00;3BS;LAB. BIOLOGIA ;giovedì;08h55
936;1h00;3LS;AULA 23;giovedì;08h55
937;1h00;4BM;AULA 24;giovedì;08h55
938;1h00;4AS;AULA 19;giovedì;08h55
939;1h00;4BS;AULA 17;giovedì;08h55
940;1h00;4LS;AULA 22;giovedì;08h55
941;1h00;5IB;AULA 01;giovedì;08h55
942;1h00;5AS;AULA 18;giovedì;08h55
943;1h00;5BS;AULA 27;giovedì;08h55
944;1h00;2B;LAB. CHIMICA ;giovedì;08h55
945;1h00;2F;LAB. CAD2;giovedì;08h55
946;1h00;5LS;AULA 26;giovedì;08h55
947;1h00;4IC;AULA 14;giovedì;08h55
948;1h00;5AU;LAB. ELETTR-MISURE;giovedì;08h55
949;1h00;5BM;LAB. TECNOLOGIA;giovedì;08h55
950;1h00;1B;AULA 03;giovedì;10h00
951;1h00;1E;AULA 11;giovedì;10h00
952;1h00;1D;AULA 10A;giovedì;10h00
953;1h00;1C;AULA 04;giovedì;10h00
954;1h00;1AS;BIBLIOTECA;giovedì;10h00
955;1h00;1LS;AULA 30;giovedì;10h00
956;1h00;2AS;AULA 24;giovedì;10h00
957;1h00;2A;AULA 05;giovedì;10h00
958;1h00;2A;AULA 05;giovedì;10h55
959;1h00;2B;AULA 06;giovedì;10h00
960;1h00;2D;AULA 08;giovedì;10h00
961;1h00;2E;AULA 09;giovedì;10h00
962;1h00;2F;AULA 09A;giovedì;10h00
963;1h00;2LS;LAB. MECCANICA;giovedì;10h00
964;1h00;3IA;LAB. INF1;giovedì;10h00
965;1h00;3AU;LAB. ELETTR-MISURE;giovedì;10h00
966;1h00;3AU;LAB. ELETTR-MISURE;giovedì;10h55
967;1h00;3BM;AULA 12;giovedì;10h00
968;1h00;3AS;LAB. CAD2;giovedì;10h00
969;1h00;3BS;AULA 19;giovedì;10h00
970;1h00;3LS;AULA 23;giovedì;10h00
971;1h00;4AM;LAB. OMS;giovedì;10h00
972;1h00;4BS;AULA 17;giovedì;10h00
973;1h00;4BS;AULA 17;giovedì;10h55
974;1h00;4LS;AULA 22;giovedì;10h00
975;1h00;5IA;AULA 25;giovedì;10h00
976;1h00;5IA;AULA 25;giovedì;10h55
977;1h00;5AM;AULA 15;giovedì;10h00
978;1h00;5AS;AULA 18;giovedì;10h00
979;1h00;5BS;AULA 27;giovedì;10h00
980;1h00;5BS;AULA 27;giovedì;10h55
981;1h00;5CS;LAB. BIOLOGIA ;giovedì;10h00
982;1h00;5LS;AULA 26;giovedì;10h00
983;1h00;5BM;LAB. TECNOLOGIA;giovedì;10h00
984;1h00;5BM;LAB. TECNOLOGIA;giovedì;10h55
985;1h00;2C;LAB. CHIMICA ;giovedì;10h00
986;1h00;3AT, 3IB;AULA 01;giovedì;10h00
987;1h00;3AT, 3IB;AULA 01;giovedì;10h55
988;1h00;5AU;AULA 16;giovedì;10h00
989;1h00;2BS;LAB. FISICA;giovedì;10h00
990;1h00;4AT;LAB. ROBOTICA;giovedì;10h00
991;1h00;4AT;LAB. ROBOTICA;giovedì;10h55
992;1h00;4IC;AULA 14;giovedì;10h00
993;1h00;4CS;AULA 21;giovedì;10h00
994;1h00;5DS;LAB. CAD1;giovedì;10h00
995;1h00;4IA;LAB. ELETTRONICA2;giovedì;10h00
996;1h00;5IB;LAB. INF2;giovedì;10h00
997;1h00;4AU;LAB. AUTOMAZ-IMPIANTI;giovedì;10h00
998;1h00;3AM;LAB. SISTEMI-AUTOMAZ;giovedì;10h00
999;1h00;3AM;LAB. SISTEMI-AUTOMAZ;giovedì;10h55
1000;1h00;4BM;PAL COM1;giovedì;10h00
1001;1h00;4BM;PAL COM1;giovedì;10h55
1002;1h00;4IB;PAL.COM2;giovedì;10h00
1003;1h00;4IB;PAL.COM2;giovedì;10h55
1004;1h00;4AS;PALESTRA1;giovedì;10h00
1005;1h00;4AS;PALESTRA1;giovedì;10h55
1006;1h00;1A;PALESTRA2;giovedì;10h00
1007;1h00;1A;PALESTRA2;giovedì;10h55
1008;1h00;1B;AULA 03;giovedì;10h55
1009;1h00;1AS;AULA 31;giovedì;10h55
1010;1h00;1LS;AULA 30;giovedì;10h55
1011;1h00;2AS;AULA 24;giovedì;10h55
1012;1h00;2BS;BIBLIOTECA;giovedì;10h55
1013;1h00;2B;AULA 06;giovedì;10h55
1014;1h00;2C;AULA 07;giovedì;10h55
1015;1h00;2D;AULA 08;giovedì;10h55
1016;1h00;2E;AULA 09;giovedì;10h55
1017;1h00;2F;AULA 09A;giovedì;10h55
1018;1h00;2LS;LAB. MECCANICA;giovedì;10h55
1019;1h00;3IA;LAB. INF1;giovedì;10h55
1020;1h00;3BM;AULA 12;giovedì;10h55
1021;1h00;3BM;AULA 12;giovedì;11h55
1022;1h00;3AS;AULA 13;giovedì;10h55
1023;1h00;3BS;AULA 19;giovedì;10h55
1024;1h00;3LS;AULA 23;giovedì;10h55
1025;1h00;4AU;AULA 20;giovedì;10h55
1026;1h00;4AM;AULA DISEGNO 2;giovedì;10h55
1027;1h00;4LS;AULA 22;giovedì;10h55
1028;1h00;5AM;AULA 15;giovedì;10h55
1029;1h00;5AS;AULA 18;giovedì;10h55
1030;1h00;5CS;LAB. CAD1;giovedì;10h55
1031;1h00;5LS;AULA 26;giovedì;10h55
1032;1h00;1C;LAB. FISICA;giovedì;10h55
1033;1h00;1D;LAB. CHIMICA ;giovedì;10h55
1034;1h00;1E;LAB. CAD2;giovedì;10h55
1035;1h00;1E;LAB. CAD2;giovedì;11h55
1036;1h00;5AU;AULA 16;giovedì;10h55
1037;1h00;4IC;AULA 14;giovedì;10h55
1038;1h00;4CS;AULA 21;giovedì;10h55
1039;1h00;5DS;AULA 29;giovedì;10h55
1040;1h00;5IB;LAB. INF2;giovedì;10h55
1041;1h00;4IA;LAB. ELETTRONICA2;giovedì;10h55
1042;1h00;1D;AULA 10A;giovedì;11h55
1043;1h00;1B;AULA 03;giovedì;11h55
1044;1h00;1A;AULA 02;giovedì;11h55
1045;1h00;1C;AULA 04;giovedì;11h55
1046;1h00;1AS;AULA 31;giovedì;11h55
1047;1h00;1LS;AULA 30;giovedì;11h55
1048;1h00;2AS;AULA 24;giovedì;11h55
1049;1h00;2BS;BIBLIOTECA;giovedì;11h55
1050;1h00;2A;AULA 05;giovedì;11h55
1051;1h00;2B;AULA 06;giovedì;11h55
1052;1h00;2D;AULA 08;giovedì;11h55
1053;1h00;2E;AULA 09;giovedì;11h55
1054;1h00;2F;AULA 09A;giovedì;11h55
1055;1h00;3IA;LAB. CAD1;giovedì;11h55
1056;1h00;3AS;AULA 13;giovedì;11h55
1057;1h00;3BS;LAB. CHIMICA ;giovedì;11h55
1058;1h00;4IA;AULA 23;giovedì;11h55
1059;1h00;4AU;AULA 20;giovedì;11h55
1060;1h00;4AM;LAB. TECNOLOGIA;giovedì;11h55
1061;1h00;4BM;AULA 19;giovedì;11h55
1062;1h00;4AS;AULA 28;giovedì;11h55
1063;1h00;4BS;LAB. BIOLOGIA ;giovedì;11h55
1064;1h00;4BS;LAB. BIOLOGIA ;giovedì;13h00
1065;1h00;4CS;LAB. ELETTRONICA2;giovedì;11h55
1066;1h00;4LS;AULA 22;giovedì;11h55
1067;1h00;5IA;AULA 25;giovedì;11h55
1068;1h00;5BM;AULA 17;giovedì;11h55
1069;1h00;5AS;AULA 18;giovedì;11h55
1070;1h00;5BS;AULA 27;giovedì;11h55
1071;1h00;5CS;AULA DISEGNO 2;giovedì;11h55
1072;1h00;5LS;AULA 26;giovedì;11h55
1073;1h00;3AM;LAB. SISTEMI-AUTOMAZ;giovedì;11h55
1074;1h00;2C;LAB. FISICA;giovedì;11h55
1075;1h00;3AT, 3IB;AULA 01;giovedì;11h55
1076;1h00;5AU;AULA 16;giovedì;11h55
1077;1h00;5AM;AULA 15;giovedì;11h55
1078;1h00;4AT;LAB. ROBOTICA;giovedì;11h55
1079;1h00;5DS;AULA 29;giovedì;11h55
1080;1h00;4IC;LAB. INF2;giovedì;11h55
1081;1h00;4IB;LAB. ELETTR-MISURE;giovedì;11h55
1082;1h00;4IB;LAB. ELETTR-MISURE;giovedì;13h00
1083;1h00;5IB;LAB. INF1;giovedì;11h55
1084;1h00;5IB;LAB. INF1;giovedì;13h00
1085;1h00;3AU;LAB. AUTOMAZ-IMPIANTI;giovedì;11h55
1086;1h00;3AU;LAB. AUTOMAZ-IMPIANTI;giovedì;13h00
1087;1h00;2LS;PALESTRA1;giovedì;11h55
1088;1h00;3LS;PALESTRA2;giovedì;11h55
1089;1h00;1D;AULA 10A;giovedì;13h00
1090;1h00;1C;AULA 04;giovedì;13h00
1091;1h00;1E;AULA 11;giovedì;13h00
1092;1h00;1B;AULA 03;giovedì;13h00
1093;1h00;2AS;AULA 24;giovedì;13h00
1094;1h00;2A;AULA 05;giovedì;13h00
1095;1h00;2B;AULA 06;giovedì;13h00
1096;1h00;2C;AULA 07;giovedì;13h00
1097;1h00;2E;AULA 09;giovedì;13h00
1098;1h00;2F;AULA 09A;giovedì;13h00
1099;1h00;2LS;LAB. MECCANICA;giovedì;13h00
1100;1h00;3IA;LAB. CAD1;giovedì;13h00
1101;1h00;3AM;LAB. SISTEMI-AUTOMAZ;giovedì;13h00
1102;1h00;3AS;AULA 13;giovedì;13h00
1103;1h00;3BS;LAB. CHIMICA ;giovedì;13h00
1104;1h00;4IA;LAB. ELETTRONICA2;giovedì;13h00
1105;1h00;4AU;AULA 20;giovedì;13h00
1106;1h00;4AM;LAB. TECNOLOGIA;giovedì;13h00
1107;1h00;4BM;AULA 19;giovedì;13h00
1108;1h00;4AS;LAB. CAD2;giovedì;13h00
1109;1h00;4LS;AULA 22;giovedì;13h00
1110;1h00;5IA;AULA 25;giovedì;13h00
1111;1h00;5AM;AULA 15;giovedì;13h00
1112;1h00;5AM;AULA 15;giovedì;13h50
1113;1h00;5BM;AULA 17;giovedì;13h00
1114;1h00;5AS;LAB. FISICA;giovedì;13h00
1115;1h00;5BS;LAB. INF2;giovedì;13h00
1116;1h00;5CS;AULA DISEGNO 2;giovedì;13h00
1117;1h00;5LS;AULA 26;giovedì;13h00
1118;1h00;3AT, 3IB;AULA 01;giovedì;13h00
1119;1h00;5AU;AULA 16;giovedì;13h00
1120;1h00;3LS;AULA 23;giovedì;13h00
1121;1h00;4AT;AULA DISEGNO 1;giovedì;13h00
1122;1h00;4IC;AULA 14;giovedì;13h00
1123;1h00;5DS;AULA 29;giovedì;13h00
1124;1h00;1A;AULA 02;giovedì;13h00
1125;1h00;1A;AULA 02;giovedì;13h50
1126;1h00;3BM;AULA 12;giovedì;13h00
1127;1h00;4CS;PALESTRA1;giovedì;13h00
1128;1h00;4CS;PALESTRA1;giovedì;13h50
1129;1h00;;;giovedì;13h00
1130;1h00;;;giovedì;13h50
1131;1h00;;;giovedì;13h00
1132;1h00;;;giovedì;13h50
1133;1h00;2D;PALESTRA2;giovedì;13h00
1134;1h00;2D;PALESTRA2;giovedì;13h50
1135;1h00;1E;AULA 11;giovedì;13h50
1136;1h00;1B;AULA 03;giovedì;13h50
1137;1h00;2A;AULA 05;giovedì;13h50
1138;1h00;4IA;LAB. ELETTRONICA2;giovedì;13h50
1139;1h00;3BM;AULA 12;giovedì;13h50
1140;1h00;4AU;AULA 20;giovedì;13h50
1141;1h00;1C;AULA 04;venerdì;08h00
1142;1h00;1A;AULA 02;venerdì;08h00
1143;1h00;1D;AULA 10A;venerdì;08h00
1144;1h00;1E;AULA 11;venerdì;08h00
1145;1h00;1E;AULA 11;venerdì;08h55
1146;1h00;1B;AULA 03;venerdì;08h00
1147;1h00;1AS;AULA 30;venerdì;08h00
1148;1h00;1LS;AULA 31;venerdì;08h00
1149;1h00;2AS;AULA 28;venerdì;08h00
1150;1h00;2AS;AULA 28;venerdì;08h55
1151;1h00;2BS;LAB. MECCANICA;venerdì;08h00
1152;1h00;2A;AULA 05;venerdì;08h00
1153;1h00;2B;AULA 06;venerdì;08h00
1154;1h00;2C;AULA 07;venerdì;08h00
1155;1h00;2D;AULA 08;venerdì;08h00
1156;1h00;2E;AULA 09;venerdì;08h00
1157;1h00;2F;AULA 09A;venerdì;08h00
1158;1h00;2LS;BIBLIOTECA;venerdì;08h00
1159;1h00;3IA;AULA 01;venerdì;08h00
1160;1h00;3BM;AULA 21;venerdì;08h00
1161;1h00;3AS;LAB. CAD2;venerdì;08h00
1162;1h00;3BS;LAB. INF2;venerdì;08h00
1163;1h00;3LS;LAB. FISICA;venerdì;08h00
1164;1h00;4IA;AULA 18;venerdì;08h00
1165;1h00;4IA;AULA 18;venerdì;08h55
1166;1h00;4IB;AULA DISEGNO 1;venerdì;08h00
1167;1h00;4AS;LAB. BIOLOGIA ;venerdì;08h00
1168;1h00;4AS;LAB. BIOLOGIA ;venerdì;08h55
1169;1h00;4BS;AULA 17;venerdì;08h00
1170;1h00;4CS;AULA 24;venerdì;08h00
1171;1h00;5IA;AULA 25;venerdì;08h00
1172;1h00;5IA;AULA 25;venerdì;08h55
1173;1h00;5IB;LAB. CHIMICA ;venerdì;08h00
1174;1h00;5AM;AULA 15;venerdì;08h00
1175;1h00;5AS;AULA 12;venerdì;08h00
1176;1h00;5BS;AULA 27;venerdì;08h00
1177;1h00;5CS;AULA 20;venerdì;08h00
1178;1h00;5LS;AULA 26;venerdì;08h00
1179;1h00;4BM;LAB. CAD1;venerdì;08h00
1180;1h00;4BM;LAB. CAD1;venerdì;08h55
1181;1h00;3AT;LAB. ROBOTICA;venerdì;08h00
1182;1h00;3AT;LAB. ROBOTICA;venerdì;08h55
1183;1h00;5AU;AULA 16;venerdì;08h00
1184;1h00;4LS;AULA 22;venerdì;08h00
1185;1h00;4IC;AULA 14;venerdì;08h00
1186;1h00;5DS;AULA 29;venerdì;08h00
1187;1h00;3IB;AULA DISEGNO 2;venerdì;08h00
1188;1h00;3AU;LAB. ELETTR-MISURE;venerdì;08h00
1189;1h00;3AU;LAB. ELETTR-MISURE;venerdì;08h55
1190;1h00;4AT;LAB. AUTOMAZ-IMPIANTI;venerdì;08h00
1191;1h00;4AT;LAB. AUTOMAZ-IMPIANTI;venerdì;08h55
1192;1h00;3AM;LAB. TECNOLOGIA;venerdì;08h00
1193;1h00;3AM;LAB. TECNOLOGIA;venerdì;08h55
1194;1h00;4AM;LAB. SISTEMI-AUTOMAZ;venerdì;08h00
1195;1h00;4AU;PALESTRA1;venerdì;08h00
1196;1h00;4AU;PALESTRA1;venerdì;08h55
1197;1h00;5BM;PALESTRA2;venerdì;08h00
1198;1h00;5BM;PALESTRA2;venerdì;08h55
1199;1h00;1C;AULA 04;venerdì;08h55
1200;1h00;1B;AULA 03;venerdì;08h55
1201;1h00;1A;AULA 02;venerdì;08h55
1202;1h00;1AS;AULA 30;venerdì;08h55
1203;1h00;1LS;AULA 31;venerdì;08h55
1204;1h00;2BS;LAB. CAD2;venerdì;08h55
1205;1h00;2A;AULA 05;venerdì;08h55
1206;1h00;2B;AULA 06;venerdì;08h55
1207;1h00;2C;AULA 07;venerdì;08h55
1208;1h00;2D;AULA 08;venerdì;08h55
1209;1h00;2E;AULA 09;venerdì;08h55
1210;1h00;2F;AULA 09A;venerdì;08h55
1211;1h00;2LS;BIBLIOTECA;venerdì;08h55
1212;1h00;3BM;AULA 21;venerdì;08h55
1213;1h00;3AS;AULA 13;venerdì;08h55
1214;1h00;3BS;AULA 19;venerdì;08h55
1215;1h00;3LS;AULA 23;venerdì;08h55
1216;1h00;4AM;AULA 15;venerdì;08h55
1217;1h00;4BS;AULA 17;venerdì;08h55
1218;1h00;4CS;AULA 24;venerdì;08h55
1219;1h00;4LS;AULA 22;venerdì;08h55
1220;1h00;5IB;LAB. CHIMICA ;venerdì;08h55
1221;1h00;5AS;AULA 12;venerdì;08h55
1222;1h00;5BS;AULA 27;venerdì;08h55
1223;1h00;5CS;AULA 20;venerdì;08h55
1224;1h00;5LS;AULA 26;venerdì;08h55
1225;1h00;5AM;LAB. SISTEMI-AUTOMAZ;venerdì;08h55
1226;1h00;5AU;AULA 16;venerdì;08h55
1227;1h00;4IC;AULA 14;venerdì;08h55
1228;1h00;5DS;AULA 29;venerdì;08h55
1229;1h00;4IB;LAB. INF2;venerdì;08h55
1230;1h00;4IB;LAB. INF2;venerdì;10h00
1231;1h00;3IA;AULA 01;venerdì;08h55
1232;1h00;3IB;AULA DISEGNO 2;venerdì;08h55
1233;1h00;1D;AULA 10A;venerdì;08h55
1234;1h00;1B;AULA 03;venerdì;10h00
1235;1h00;1C;AULA 04;venerdì;10h00
1236;1h00;1A;AULA 02;venerdì;10h00
1237;1h00;1E;AULA 11;venerdì;10h00
1238;1h00;1AS;AULA 30;venerdì;10h00
1239;1h00;1LS;AULA 31;venerdì;10h00
1240;1h00;2AS;LAB. CAD2;venerdì;10h00
1241;1h00;2A;AULA 05;venerdì;10h00
1242;1h00;2B;AULA 06;venerdì;10h00
1243;1h00;2C;AULA 07;venerdì;10h00
1244;1h00;2D;AULA 08;venerdì;10h00
1245;1h00;2D;AULA 08;venerdì;10h55
1246;1h00;2E;AULA 09;venerdì;10h00
1247;1h00;2F;AULA 09A;venerdì;10h00
1248;1h00;2LS;BIBLIOTECA;venerdì;10h00
1249;1h00;3IA;AULA 01;venerdì;10h00
1250;1h00;3IA;AULA 01;venerdì;10h55
1251;1h00;3AS;AULA 13;venerdì;10h00
1252;1h00;3BS;LAB. CHIMICA ;venerdì;10h00
1253;1h00;3LS;AULA 23;venerdì;10h00
1254;1h00;4AM;AULA 16;venerdì;10h00
1255;1h00;4AS;AULA 19;venerdì;10h00
1256;1h00;4BS;AULA 17;venerdì;10h00
1257;1h00;4CS;AULA 24;venerdì;10h00
1258;1h00;4LS;AULA 22;venerdì;10h00
1259;1h00;5IA;AULA 25;venerdì;10h00
1260;1h00;5IB;LAB. INF1;venerdì;10h00
1261;1h00;5AM;AULA 15;venerdì;10h00
1262;1h00;5AM;AULA 15;venerdì;10h55
1263;1h00;5BM;AULA 18;venerdì;10h00
1264;1h00;5AS;AULA 12;venerdì;10h00
1265;1h00;5BS;AULA 27;venerdì;10h00
1266;1h00;5CS;AULA 20;venerdì;10h00
1267;1h00;5LS;AULA 26;venerdì;10h00
1268;1h00;3BM;LAB. CAD1;venerdì;10h00
1269;1h00;3BM;LAB. CAD1;venerdì;10h55
1270;1h00;3AU;AULA 21;venerdì;10h00
1271;1h00;1D;LAB. FISICA;venerdì;10h00
1272;1h00;3AT, 3IB;AULA 10A;venerdì;10h00
1273;1h00;2BS;LAB. MECCANICA;venerdì;10h00
1274;1h00;4AT;LAB. ROBOTICA;venerdì;10h00
1275;1h00;5DS;AULA 29;venerdì;10h00
1276;1h00;3AM;LAB. TECNOLOGIA;venerdì;10h00
1277;1h00;3AM;LAB. TECNOLOGIA;venerdì;10h55
1278;1h00;4IC;LAB. ELETTR-MISURE;venerdì;10h00
1279;1h00;4IC;LAB. ELETTR-MISURE;venerdì;10h55
1280;1h00;4AU;LAB. AUTOMAZ-IMPIANTI;venerdì;10h00
1281;1h00;4AU;LAB. AUTOMAZ-IMPIANTI;venerdì;10h55
1282;1h00;4BM;LAB. SISTEMI-AUTOMAZ;venerdì;10h00
1283;1h00;4BM;LAB. SISTEMI-AUTOMAZ;venerdì;10h55
1284;1h00;4IA;PALESTRA1;venerdì;10h00
1285;1h00;4IA;PALESTRA1;venerdì;10h55
1286;1h00;5AU;PALESTRA2;venerdì;10h00
1287;1h00;5AU;PALESTRA2;venerdì;10h55
1288;1h00;1C;AULA 04;venerdì;10h55
1289;1h00;1C;AULA 04;venerdì;11h55
1290;1h00;1B;AULA 03;venerdì;10h55
1291;1h00;1AS;AULA 30;venerdì;10h55
1292;1h00;1LS;AULA 31;venerdì;10h55
1293;1h00;2AS;AULA 28;venerdì;10h55
1294;1h00;2A;AULA 05;venerdì;10h55
1295;1h00;2B;AULA 06;venerdì;10h55
1296;1h00;2C;AULA 07;venerdì;10h55
1297;1h00;2E;AULA 09;venerdì;10h55
1298;1h00;2F;AULA 09A;venerdì;10h55
1299;1h00;2LS;BIBLIOTECA;venerdì;10h55
1300;1h00;3AU;AULA 21;venerdì;10h55
1301;1h00;3AS;AULA 13;venerdì;10h55
1302;1h00;3BS;LAB. CHIMICA ;venerdì;10h55
1303;1h00;3LS;AULA 23;venerdì;10h55
1304;1h00;4IB;AULA DISEGNO 1;venerdì;10h55
1305;1h00;4AM;AULA 16;venerdì;10h55
1306;1h00;4AM;AULA 16;venerdì;11h55
1307;1h00;4BS;AULA 17;venerdì;10h55
1308;1h00;4CS;AULA 24;venerdì;10h55
1309;1h00;4LS;AULA 22;venerdì;10h55
1310;1h00;5IA;AULA 25;venerdì;10h55
1311;1h00;5BM;AULA 18;venerdì;10h55
1312;1h00;5BS;AULA 27;venerdì;10h55
1313;1h00;5CS;LAB. CAD2;venerdì;10h55
1314;1h00;5LS;AULA 26;venerdì;10h55
1315;1h00;1D;LAB. ELETTRONICA2;venerdì;10h55
1316;1h00;1E;LAB. FISICA;venerdì;10h55
1317;1h00;3AT, 3IB;AULA 10A;venerdì;10h55
1318;1h00;2BS;LAB. MECCANICA;venerdì;10h55
1319;1h00;5DS;AULA 29;venerdì;10h55
1320;1h00;1A;AULA 02;venerdì;10h55
1321;1h00;5IB;LAB. INF2;venerdì;10h55
1322;1h00;5AS;AULA 12;venerdì;10h55
1323;1h00;4AT;LAB. ROBOTICA;venerdì;10h55
1324;1h00;4AS;AULA 19;venerdì;10h55
1325;1h00;1A;AULA 02;venerdì;11h55
1326;1h00;1AS;LAB. BIOLOGIA ;venerdì;11h55
1327;1h00;1LS;AULA 31;venerdì;11h55
1328;1h00;2AS;AULA 28;venerdì;11h55
1329;1h00;2A;AULA 05;venerdì;11h55
1330;1h00;2B;AULA 06;venerdì;11h55
1331;1h00;2D;AULA 08;venerdì;11h55
1332;1h00;2E;AULA 09;venerdì;11h55
1333;1h00;2LS;BIBLIOTECA;venerdì;11h55
1334;1h00;2LS;BIBLIOTECA;venerdì;13h00
1335;1h00;3AU;AULA 21;venerdì;11h55
1336;1h00;3BM;LAB. SISTEMI-AUTOMAZ;venerdì;11h55
1337;1h00;3AS;AULA 13;venerdì;11h55
1338;1h00;3BS;AULA 30;venerdì;11h55
1339;1h00;3LS;AULA 23;venerdì;11h55
1340;1h00;4IA;AULA 22;venerdì;11h55
1341;1h00;4IB;AULA DISEGNO 1;venerdì;11h55
1342;1h00;4AU;AULA DISEGNO 2;venerdì;11h55
1343;1h00;4AU;AULA DISEGNO 2;venerdì;13h00
1344;1h00;4AS;AULA 19;venerdì;11h55
1345;1h00;4BS;AULA 17;venerdì;11h55
1346;1h00;4CS;AULA 24;venerdì;11h55
1347;1h00;5IB;AULA 01;venerdì;11h55
1348;1h00;5IB;AULA 01;venerdì;13h00
1349;1h00;5AM;AULA 15;venerdì;11h55
1350;1h00;5BM;AULA 18;venerdì;11h55
1351;1h00;5AS;AULA 12;venerdì;11h55
1352;1h00;5BS;LAB. CAD1;venerdì;11h55
1353;1h00;5CS;AULA 20;venerdì;11h55
1354;1h00;5LS;AULA 26;venerdì;11h55
1355;1h00;3AM;LAB. TECNOLOGIA;venerdì;11h55
1356;1h00;1B;LAB. INF1;venerdì;11h55
1357;1h00;1E;LAB. CHIMICA ;venerdì;11h55
1358;1h00;2F;LAB. FISICA;venerdì;11h55
1359;1h00;3IA;AULA 03;venerdì;11h55
1360;1h00;2C;LAB. CAD2;venerdì;11h55
1361;1h00;3AT;AULA 27;venerdì;11h55
1362;1h00;2BS;LAB. MECCANICA;venerdì;11h55
1363;1h00;4AT;LAB. ROBOTICA;venerdì;11h55
1364;1h00;4IC;AULA 14;venerdì;11h55
1365;1h00;5DS;AULA 29;venerdì;11h55
1366;1h00;3IB;AULA 11;venerdì;11h55
1367;1h00;5IA;LAB. INF2;venerdì;11h55
1368;1h00;5AU;LAB. AUTOMAZ-IMPIANTI;venerdì;11h55
1369;1h00;5AU;LAB. AUTOMAZ-IMPIANTI;venerdì;13h00
1370;1h00;4BM;LAB. OMS;venerdì;11h55
1371;1h00;4BM;LAB. OMS;venerdì;13h00
1372;1h00;4LS;PALESTRA2;venerdì;11h55
1373;1h00;;;venerdì;11h55
1374;1h00;;;venerdì;11h55
1375;1h00;1D;AULA 10A;venerdì;13h00
1376;1h00;1B;AULA 03;venerdì;13h00
1377;1h00;1B;AULA 03;venerdì;13h50
1378;1h00;1E;AULA 11;venerdì;13h00
1379;1h00;2A;AULA 05;venerdì;13h00
1380;1h00;2C;AULA 07;venerdì;13h00
1381;1h00;2D;AULA 08;venerdì;13h00
1382;1h00;2E;AULA 09;venerdì;13h00
1383;1h00;2F;AULA 09A;venerdì;13h00
1384;1h00;3IA;AULA 02;venerdì;13h00
1385;1h00;3AU;AULA 21;venerdì;13h00
1386;1h00;3AU;AULA 21;venerdì;13h50
1387;1h00;3AM;LAB. TECNOLOGIA;venerdì;13h00
1388;1h00;3BM;LAB. SISTEMI-AUTOMAZ;venerdì;13h00
1389;1h00;3AS;AULA 13;venerdì;13h00
1390;1h00;3BS;AULA 30;venerdì;13h00
1391;1h00;3LS;AULA 23;venerdì;13h00
1392;1h00;4IB;AULA DISEGNO 1;venerdì;13h00
1393;1h00;4AS;AULA 19;venerdì;13h00
1394;1h00;4BS;AULA 17;venerdì;13h00
1395;1h00;5IA;AULA 25;venerdì;13h00
1396;1h00;5AS;AULA 12;venerdì;13h00
1397;1h00;5BS;AULA 31;venerdì;13h00
1398;1h00;5CS;AULA 20;venerdì;13h00
1399;1h00;5LS;AULA 26;venerdì;13h00
1400;1h00;1C;LAB. CAD1;venerdì;13h00
1401;1h00;1C;LAB. CAD1;venerdì;13h50
1402;1h00;2B;LAB. FISICA;venerdì;13h00
1403;1h00;3AT, 3IB;AULA 27;venerdì;13h00
1404;1h00;5AM;AULA 15;venerdì;13h00
1405;1h00;5BM;AULA 18;venerdì;13h00
1406;1h00;4AT;LAB. ROBOTICA;venerdì;13h00
1407;1h00;4IC;AULA 14;venerdì;13h00
1408;1h00;4CS;AULA 24;venerdì;13h00
1409;1h00;5DS;AULA 29;venerdì;13h00
1410;1h00;4IA;LAB. INF2;venerdì;13h00
1411;1h00;1A;LAB. CAD2;venerdì;13h00
1412;1h00;2BS;PALESTRA1;venerdì;13h00
1413;1h00;2BS;PALESTRA1;venerdì;13h50
1414;1h00;4AM;PALESTRA2;venerdì;13h00
1415;1h00;4AM;PALESTRA2;venerdì;13h50
1416;1h00;1D;AULA 10A;venerdì;13h50
1417;1h00;2B;AULA 06;venerdì;13h50
1418;1h00;2D;AULA 08;venerdì;13h50
1419;1h00;3AM;LAB. TECNOLOGIA;venerdì;13h50
1420;1h00;4IA;LAB. INF2;venerdì;13h50
1421;1h00;4IB;AULA DISEGNO 1;venerdì;13h50
1422;1h00;5IB;AULA 01;venerdì;13h50
1423;1h00;1A;LAB. INF1;venerdì;13h50
1424;1h00;2A;LAB. CHIMICA ;venerdì;13h50
1425;1h00;4AT;LAB. ROBOTICA;venerdì;13h50
1426;1h00;;;;
1427;1h00;;;;
1428;1h00;;;;
1429;1h00;;;;
1430;1h00;;;;
1431;1h00;;;;
1432;1h00;;;;
1433;1h00;;;;
1434;1h00;;;;
1435;1h00;;;;
1436;1h00;;;;
1437;1h00;;;;
1438;1h00;;;;
1439;1h00;;;;
1440;1h00;;;;
1441;1h00;;;;
1442;1h00;;;;
1443;1h00;;;;
1444;1h00;;;;
1445;1h00;;;;
1446;1h00;;;;
1447;1h00;;;;
1448;1h00;;;;
1449;1h00;;;;
1450;1h00;;;;
1451;1h00;;;;
1452;1h00;;;;
1453;1h00;;;;
1454;1h00;;;;
1455;1h00;;;;
1456;1h00;;;;
1457;1h00;;;;
1458;1h00;;;;
1459;1h00;;;;
1460;1h00;;;;
1461;1h00;;;;
1462;1h00;;;;
1463;1h00;;;;
1464;1h00;;;;
1465;1h00;;;;
1466;1h00;;;;
1467;1h00;;;;
1468;1h00;;;;
1469;1h00;;;;
1470;1h00;;;;
1471;1h00;;;;
